{
  "AWSTemplateFormatVersion": "2010-09-09",
  "Description": "The AWS CloudFormation template for this Serverless application",
  "Resources": {
    "ServerlessDeploymentBucket": {
      "Type": "AWS::S3::Bucket"
    },
    "IamRoleLambdaExecution": {
      "Type": "AWS::IAM::Role",
      "Properties": {
        "AssumeRolePolicyDocument": {
          "Version": "2012-10-17",
          "Statement": [
            {
              "Effect": "Allow",
              "Principal": {
                "Service": [
                  "lambda.amazonaws.com"
                ]
              },
              "Action": [
                "sts:AssumeRole"
              ]
            }
          ]
        },
        "Path": "/",
        "RoleName": {
          "Fn::Join": [
            "-",
            [
              "forex",
              "dev",
              "eu-west-1",
              "lambdaRole"
            ]
          ]
        }
      }
    },
    "IamPolicyLambdaExecution": {
      "Type": "AWS::IAM::Policy",
      "DependsOn": [
        "IamRoleLambdaExecution"
      ],
      "Properties": {
        "PolicyName": {
          "Fn::Join": [
            "-",
            [
              "dev",
              "forex",
              "lambda"
            ]
          ]
        },
        "PolicyDocument": {
          "Version": "2012-10-17",
          "Statement": [
            {
              "Effect": "Allow",
              "Action": [
                "logs:CreateLogStream",
                "logs:PutLogEvents"
              ],
              "Resource": [
                {
                  "Fn::Join": [
                    ":",
                    [
                      {
                        "Fn::GetAtt": [
                          "InstallLogGroup",
                          "Arn"
                        ]
                      },
                      "*"
                    ]
                  ]
                }
              ]
            },
            {
              "Effect": "Allow",
              "Action": [
                "dynamodb:GetItem",
                "dynamodb:PutItem"
              ],
              "Resource": [
                "arn:aws:dynamodb:*:*:table/forex-dev-teams"
              ]
            }
          ]
        },
        "Roles": [
          {
            "Ref": "IamRoleLambdaExecution"
          }
        ]
      }
    },
    "InstallLogGroup": {
      "Type": "AWS::Logs::LogGroup",
      "Properties": {
        "LogGroupName": "/aws/lambda/forex-dev-install"
      }
    },
    "InstallLambdaFunction": {
      "Type": "AWS::Lambda::Function",
      "Properties": {
        "Code": {
          "S3Bucket": {
            "Ref": "ServerlessDeploymentBucket"
          },
          "S3Key": "serverless/forex/dev/1490899649367-2017-03-30T18:47:29.367Z/forex.zip"
        },
        "FunctionName": "forex-dev-install",
        "Handler": "install.handler",
        "MemorySize": 1024,
        "Role": {
          "Fn::GetAtt": [
            "IamRoleLambdaExecution",
            "Arn"
          ]
        },
        "Runtime": "nodejs4.3",
        "Timeout": 6,
        "Environment": {
          "Variables": {
            "CLIENT_ID": "161058311506.161077916994",
            "CLIENT_SECRET": "25410d889145b7f810f972161c7273ef",
            "INSTALL_SUCCESS_URL": "https://s3-eu-west-1.amazonaws.com/serverless-slackbot-website/success.html",
            "INSTALL_ERROR_URL": "https://s3-eu-west-1.amazonaws.com/serverless-slackbot-website/error.html",
            "NAMESPACE": "forex-dev",
            "TEAMS_TABLE": "forex-dev-teams"
          }
        }
      },
      "DependsOn": [
        "IamPolicyLambdaExecution",
        "IamRoleLambdaExecution"
      ]
    },
    "InstallLambdaVersionoiOvNJ5rrzuMNUIrKNSD5PaIUjZNcPGrUbxMzbgvg": {
      "Type": "AWS::Lambda::Version",
      "DeletionPolicy": "Retain",
      "Properties": {
        "FunctionName": {
          "Ref": "InstallLambdaFunction"
        },
        "CodeSha256": "oiOvNJ5r+rzuMNUIrKNSD5PaIUjZNcPGrUbxMzbg+vg="
      }
    },
    "ApiGatewayRestApi": {
      "Type": "AWS::ApiGateway::RestApi",
      "Properties": {
        "Name": "dev-forex"
      }
    },
    "ApiGatewayResourceInstall": {
      "Type": "AWS::ApiGateway::Resource",
      "Properties": {
        "ParentId": {
          "Fn::GetAtt": [
            "ApiGatewayRestApi",
            "RootResourceId"
          ]
        },
        "PathPart": "install",
        "RestApiId": {
          "Ref": "ApiGatewayRestApi"
        }
      }
    },
    "ApiGatewayMethodInstallGet": {
      "Type": "AWS::ApiGateway::Method",
      "Properties": {
        "HttpMethod": "GET",
        "RequestParameters": {},
        "ResourceId": {
          "Ref": "ApiGatewayResourceInstall"
        },
        "RestApiId": {
          "Ref": "ApiGatewayRestApi"
        },
        "AuthorizationType": "NONE",
        "Integration": {
          "IntegrationHttpMethod": "POST",
          "Type": "AWS_PROXY",
          "Uri": {
            "Fn::Join": [
              "",
              [
                "arn:aws:apigateway:",
                {
                  "Ref": "AWS::Region"
                },
                ":lambda:path/2015-03-31/functions/",
                {
                  "Fn::GetAtt": [
                    "InstallLambdaFunction",
                    "Arn"
                  ]
                },
                "/invocations"
              ]
            ]
          }
        },
        "MethodResponses": []
      }
    },
    "ApiGatewayDeployment1490899649499": {
      "Type": "AWS::ApiGateway::Deployment",
      "Properties": {
        "RestApiId": {
          "Ref": "ApiGatewayRestApi"
        },
        "StageName": "dev"
      },
      "DependsOn": [
        "ApiGatewayMethodInstallGet"
      ]
    },
    "InstallLambdaPermissionApiGateway": {
      "Type": "AWS::Lambda::Permission",
      "Properties": {
        "FunctionName": {
          "Fn::GetAtt": [
            "InstallLambdaFunction",
            "Arn"
          ]
        },
        "Action": "lambda:InvokeFunction",
        "Principal": "apigateway.amazonaws.com",
        "SourceArn": {
          "Fn::Join": [
            "",
            [
              "arn:aws:execute-api:",
              {
                "Ref": "AWS::Region"
              },
              ":",
              {
                "Ref": "AWS::AccountId"
              },
              ":",
              {
                "Ref": "ApiGatewayRestApi"
              },
              "/*/*"
            ]
          ]
        }
      }
    },
    "TeamsDynamoDbTable": {
      "Type": "AWS::DynamoDB::Table",
      "Properties": {
        "TableName": "forex-dev-teams",
        "AttributeDefinitions": [
          {
            "AttributeName": "team_id",
            "AttributeType": "S"
          }
        ],
        "KeySchema": [
          {
            "AttributeName": "team_id",
            "KeyType": "HASH"
          }
        ],
        "ProvisionedThroughput": {
          "ReadCapacityUnits": 5,
          "WriteCapacityUnits": 5
        }
      }
    }
  },
  "Outputs": {
    "ServerlessDeploymentBucketName": {
      "Value": {
        "Ref": "ServerlessDeploymentBucket"
      }
    },
    "InstallLambdaFunctionQualifiedArn": {
      "Description": "Current Lambda function version",
      "Value": {
        "Ref": "InstallLambdaVersionoiOvNJ5rrzuMNUIrKNSD5PaIUjZNcPGrUbxMzbgvg"
      }
    },
    "ServiceEndpoint": {
      "Description": "URL of the service endpoint",
      "Value": {
        "Fn::Join": [
          "",
          [
            "https://",
            {
              "Ref": "ApiGatewayRestApi"
            },
            ".execute-api.eu-west-1.amazonaws.com/dev"
          ]
        ]
      }
    }
  }
}